chrom	pos	ref	alt
5	20578198	C	T
2	4642922	T	A
1	15947000	C	A
16	3573172	G	C
13	14306989	C	T
11	5028652	C	A
4	6181492	T	A
22	2515857	G	C
14	6946385	G	T
20	9921945	A	T
9	19096112	G	T
12	17403038	G	A
7	9139794	A	T
14	13974391	A	C
1	24687985	T	C
9	10678724	G	C
20	14510056	A	G
11	19941495	T	C
10	6376339	G	C
13	17335396	A	C
4	24287505	T	A
8	18900169	A	T
16	3496695	G	T
14	16609000	T	G
11	11172846	G	A
3	4155738	A	C
6	13184528	A	T
22	9692888	C	G
20	16780380	G	A
5	18714522	A	T
1	23928063	T	G
2	100777	G	T
9	23369901	T	C
11	20416576	G	T
5	9513601	T	C
22	1580825	C	T
12	17795651	C	G
16	21870478	C	A
4	17399731	T	C
5	19959381	G	T
8	17875044	C	A
13	8292052	G	T
2	16970376	G	A
22	10585257	A	T
17	18842452	A	T
9	7988072	T	G
6	203801	G	A
3	22705338	G	T
22	17972057	C	T
22	5089196	A	T
10	4100410	G	T
22	17418089	G	C
13	22110367	A	C
20	12626698	A	C
20	11676046	G	C
4	7378320	A	T
12	19688882	G	C
6	21600650	C	G
3	7125727	A	T
13	3942442	G	T
12	18737148	C	A
6	16890722	T	C
19	7823237	C	A
14	22313711	T	G
18	8329426	A	T
2	22536412	C	A
15	16357181	C	G
8	17327021	T	G
14	14728773	T	G
7	4092262	T	C
7	11177667	A	G
7	8991497	G	C
1	21103566	G	A
17	10417011	T	C
5	115227	G	C
1	21108629	C	G
20	15880010	C	A
5	17161115	C	A
16	8558529	G	T
18	1251767	A	T
4	1453831	T	C
11	6075779	A	G
1	2848786	G	A
12	13860719	C	G
9	16285178	T	C
2	17824828	A	G
16	21820715	T	C
8	14212998	T	A
3	18604681	G	A
3	19817131	G	T
17	1135371	G	A
15	11819933	A	C
7	22397560	C	T
10	20284093	T	C
11	16722030	A	G
3	8475952	G	C
4	8509578	G	T
14	24174198	A	C
17	848555	A	T
17	16283167	A	G
11	17519550	T	A
9	11954720	G	C
3	24944149	C	G
21	12589619	A	T
21	11636544	G	C
2	5605432	T	G
10	6025822	C	G
11	12897218	C	A
21	21190816	C	T
19	14621934	G	C
8	19343101	A	T
3	3391342	C	G
19	6157798	T	G
11	11971961	T	A
1	17146365	A	C
14	886063	T	C
15	22714461	T	C
4	14609676	C	G
22	4200634	A	G
9	10491911	T	A
11	17008738	G	A
7	1139698	G	T
1	14094463	T	A
21	18906138	T	A
3	12115571	A	T
13	17544326	C	A
5	19045964	A	T
2	11640789	C	G
4	274058	C	G
4	13246987	G	C
5	24981972	A	C
3	15137294	G	A
16	1765271	C	T
22	10831768	A	T
3	3327140	C	G
4	12648371	T	A
9	7174201	G	T
18	2245977	G	T
12	14327321	A	G
15	9028515	G	C
4	13178404	G	A
8	14741347	G	C
15	6536954	C	G
1	13168368	T	A
11	24792634	C	G
22	19192918	A	T
16	19551675	A	C
5	16171780	T	G
4	17024587	A	T
9	7166269	G	T
8	6361683	C	A
21	5300447	A	C
3	17387792	A	G
6	7552000	A	G
6	1540104	G	T
21	9807833	T	G
3	17101367	A	T
7	16332950	G	A
10	14853352	C	A
8	776458	T	G
22	11959271	C	A
10	18629479	G	C
2	21321093	A	T
20	5281781	T	C
5	19934630	T	A
13	12308361	T	A
21	21748848	C	A
5	15059606	A	C
3	13361939	C	A
10	21633728	G	A
21	914544	C	G
17	19971991	A	T
19	24173708	G	T
17	3175919	C	A
13	2265342	G	C
9	15527399	C	T
8	18067820	A	T
1	20052509	T	A
15	18634846	G	T
20	23866401	C	T
19	9791942	G	A
21	16009449	C	G
2	9125160	A	C
12	21148307	C	T
14	6591223	G	A
11	10019431	A	G
10	22542164	C	T
16	6035890	C	T
21	10840150	T	C
20	24192022	C	A
2	18840572	C	G
21	5109056	G	C
1	10262425	A	G
8	10777653	G	A
3	18533867	A	C
1	7399289	A	C
6	2194873	T	C
13	11215852	A	G
18	7025334	G	T
